Molecular Weight,Instability Index
824.0391000000001,31.971428571428575
3767.2253999999994,23.7
149.2113,0.0
4532.3899,43.99024390243902
